[{"inputs": [{"internalType": "string", "name": "itemId", "type": "string"}, {"internalType": "string", "name": "collectorName", "type": "string"}, {"internalType": "string", "name": "location", "type": "string"}], "name": "addCollectionEvent", "outputs": [], "stateMutability": "nonpayable", "type": "function"}, {"inputs": [{"internalType": "string", "name": "itemId", "type": "string"}, {"internalType": "string", "name": "ownerName", "type": "string"}, {"internalType": "string", "name": "location", "type": "string"}], "name": "addProvenanceEvent", "outputs": [], "stateMutability": "nonpayable", "type": "function"}, {"inputs": [{"internalType": "string", "name": "itemId", "type": "string"}], "name": "getItemBasic", "outputs": [{"internalType": "string", "name": "", "type": "string"}, {"internalType": "string", "name": "", "type": "string"}, {"internalType": "string", "name": "", "type": "string"}, {"internalType": "uint256", "name": "", "type": "uint256"}], "stateMutability": "view", "type": "function"}, {"inputs": [{"internalType": "string", "name": "itemId", "type": "string"}], "name": "getProvenanceCount", "outputs": [{"internalType": "uint256", "name": "", "type": "uint256"}], "stateMutability": "view", "type": "function"}, {"inputs": [{"internalType": "string", "name": "itemId", "type": "string"}, {"internalType": "uint256", "name": "index", "type": "uint256"}], "name": "getProvenanceEvent", "outputs": [{"internalType": "string", "name": "", "type": "string"}, {"internalType": "string", "name": "", "type": "string"}, {"internalType": "uint256", "name": "", "type": "uint256"}], "stateMutability": "view", "type": "function"}, {"inputs": [{"internalType": "string", "name": "itemId", "type": "string"}], "name": "getProvenanceHistory", "outputs": [{"internalType": "string[]", "name": "", "type": "string[]"}, {"internalType": "string[]", "name": "", "type": "string[]"}, {"internalType": "uint256[]", "name": "", "type": "uint256[]"}], "stateMutability": "view", "type": "function"}]